title,sold price,sold date,condition
The North Face Nuptse 700 black L,£62.00,2026-07-18,Used
The North Face Nuptse 700 black L,£55.00,2026-07-15,Used
North Face Nuptse 700 puffer black large,£71.00,2026-07-14,Used
The North Face 700 Nuptse black,£48.00,2026-07-12,Used
TNF Nuptse 700 jacket black L,£67.50,2026-07-10,Used
North Face Nuptse 700 black size L,£59.99,2026-07-08,Used
The North Face Nuptse 700 black,£74.00,2026-07-05,Used
North Face Nuptse 700 L black puffer,£52.00,2026-07-02,Used
The North Face Nuptse 700 black large,£64.00,2026-06-28,Used
North Face Nuptse jacket 700 fill black,£58.00,2026-06-25,Used
The North Face Nuptse 700,£320.00,2026-06-20,New with tags
North Face Nuptse spare parts,£8.00,2026-06-18,For parts
